"","variant","prob","alpha"
"V4","WT",NA,0.0486002418311534
"T315I","T315I",0.182515337423313,1.44277037931034e-10
"G250E","G250E",0.133435582822086,0.000282566953626635
"E255K","E255K",0.133435582822086,0.000448183806183115
"E459K","E459K",0.133435582822086,0.00470568644470868
"F317L","F317L",0.0766871165644172,0.00272022375743163
"Y253H","Y253H",0.0552147239263804,5.1187488941736e-05
"M351T","M351T",0.0552147239263804,0.00200799229488704
"M244V","M244V",0.0383435582822086,0.00632540049940547
"D276G","D276G",0.0383435582822086,0.00467190696789536
"E355G","E355G",0.0383435582822086,0.00251301285374554
"H396R","H396R",0.0383435582822086,0.00253116927467301
"Q252H","Q252H",0.0230061349693252,0.00050669888941736
"L248V","L248V",0.0122699386503068,0.000928107843043995
"H396P","H396P",0.0107361963190184,0.00024193675862069
"F359C","F359C",0.00920245398773006,0.000662936242568371
"F359V","F359V",0.00920245398773006,0.00220241223543401
"Y253F","Y253F",0.00460122699386503,0.000722225246135553
"E255V","E255V",0.00460122699386503,7.70887187395957e-10
"F359I","F359I",0.00306748466257669,0.00294504765755053
