ref,var,number,prop
A,C,5,0.022321429
A,G,17,0.075892857
A,T,2,0.008928571
C,A,4,0.017857143
C,G,6,0.026785714
C,T,88,0.392857143
G,A,68,0.303571429
G,C,6,0.026785714
G,T,6,0.026785714
T,A,1,0.004464286
T,C,18,0.080357143
T,G,3,0.013392857
